product_id,product_name,category,price,stock_quantity,supplier_id
1,Distributed dedicated groupware,Clothing,10.09,140,32
2,Focused homogeneous open system,Sports,14.63,52,87
3,Fully-configurable modular neural-net,Clothing,24.35,16,4
4,Streamlined systemic Graphical User Interface,Clothing,15.79,258,78
5,Function-based well-modulated matrix,Electronics,12.82,366,84
6,Up-sized secondary support,Health,5.26,301,36
7,Pre-emptive logistical concept,Electronics,24.39,81,90
8,Upgradable heuristic concept,Health,13.11,79,28
9,Devolved uniform moratorium,Books,121.51,194,13
10,Pre-emptive contextually-based moratorium,Books,16.3,309,34
11,Stand-alone analyzing moderator,Electronics,19.19,274,16
12,Automated asynchronous secured line,Health,18.32,150,81
13,Business-focused well-modulated ability,Books,24.51,360,9
14,Open-source client-driven product,electronics,19.46,395,38
15,Focused asymmetric strategy,Clothing,21.11,443,13
16,Distributed 24/7 data-warehouse,Health,18.23,325,47
17,Profit-focused logistical hub,Home & Garden,8.36,107,86
18,Centralized regional productivity,Toys,17.66,349,83
19,Synchronized reciprocal matrices,Clothing,5.71,87,69
20,Switchable mobile adapter,Sports,13.52,194,35
21,Adaptive national neural-net,Sports,12.53,431,99
22,Open-source 24/7 adapter,electronics,6.32,16,41
23,Progressive uniform focus group,Health,19.25,108,73
24,Public-key executive adapter,Books,15.54,255,51
25,Profit-focused tangible service-desk,Automotive,8.85,71,32
26,Optional context-sensitive benchmark,toys,8.31,219,75
27,Cross-platform multi-tasking collaboration,Health,70.55,70,66
28,Front-line content-based process improvement,Automotive,8.81,24,15
29,Progressive eco-centric help-desk,Home & Garden,21.57,405,88
30,Future-proofed hybrid artificial intelligence,Health,16.99,197,49
31,Multi-layered impactful knowledgebase,,19.87,497,71
32,Re-contextualized dynamic standardization,ELECTRONICS,21.13,58,88
33,Face-to-face exuding software,Toys,24.16,174,15
34,Configurable solution-oriented projection,Toys,9.99,232,1
35,Virtual 5thgeneration array,,74.81,390,23
36,Open-architected homogeneous implementation,Clothing,18.28,152,82
37,Reactive methodical approach,Sports,24.7,390,21
38,Sharable 24/7 standardization,Electronics,63.81,250,3
39,Down-sized attitude-oriented methodology,Clothing,23.77,449,40
40,Optional secondary toolset,Sports,20.33,449,73
41,Managed non-volatile attitude,Clothing,13.32,248,9
42,Progressive 6thgeneration emulation,Home & Garden,17.29,243,71
43,Extended system-worthy open system,Home & Garden,7.87,446,78
44,Phased encompassing analyzer,Health,14.19,475,70
45,Compatible systemic focus group,Sports,9.14,204,86
46,Quality-focused non-volatile protocol,Books,11.48,264,58
47,Automated context-sensitive functionalities,Clothing,6.78,32,44
48,Ameliorated demand-driven parallelism,Electronics,62.89,117,76
49,Digitized web-enabled structure,Sports,12.33,362,81
50,Object-based asynchronous framework,Electronics,15.57,463,5
51,Diverse non-volatile encoding,,11.88,121,36
52,Re-contextualized human-resource service-desk,,22.39,67,93
53,Quality-focused full-range info-mediaries,Automotive,22.98,242,53
54,Versatile user-facing challenge,Sports,7.2,337,56
55,Team-oriented uniform artificial intelligence,Books,7.41,239,94
56,Profit-focused value-added hardware,Electronics,5.61,330,13
57,Business-focused bandwidth-monitored Internet solution,Electronics,23.73,173,14
58,Focused asynchronous Graphical User Interface,Sports,12.14,274,58
59,Robust zero administration pricing structure,Home & Garden,23.33,142,60
60,Right-sized hybrid time-frame,Sports,8.82,38,57
61,Inverse 4thgeneration productivity,Clothing,20.26,276,2
62,Future-proofed zero tolerance knowledge user,Clothing,18.39,434,31
63,Pre-emptive discrete help-desk,Home & Garden,6.54,246,28
64,Reactive homogeneous Internet solution,Health,14.26,84,49
65,Enterprise-wide systemic paradigm,Electronics,24.64,135,59
66,Switchable homogeneous artificial intelligence,Toys,27.97,490,94
67,Visionary regional frame,Automotive,11.09,151,28
68,Fully-configurable transitional archive,Electronics,10.87,277,8
69,Configurable encompassing collaboration,Books,11.45,299,62
70,Multi-tiered transitional toolset,Home & Garden,10.63,260,11
71,Sharable coherent support,Home & Garden,16.37,34,87
72,Networked foreground hierarchy,Sports,9.4,482,73
73,Customer-focused background ability,Sports,108.26,20,80
74,Integrated leadingedge hierarchy,Clothing,7.5,298,73
75,Virtual encompassing benchmark,BOOKS,6.97,104,86
76,De-engineered background contingency,Books,5.19,202,17
77,Optional local open architecture,Toys,6.31,475,97
78,Realigned multimedia installation,Clothing,15.0,318,73
79,Customer-focused 4thgeneration array,Clothing,41.49,109,65
80,Multi-channeled neutral array,toys,18.57,178,9
81,Right-sized radical toolset,Sports,47.95,80,57
82,Inverse human-resource access,Toys,19.32,413,84
83,Implemented incremental info-mediaries,Electronics,9.55,283,39
84,Vision-oriented attitude-oriented success,Clothing,17.71,68,34
85,Realigned dynamic orchestration,Clothing,17.15,380,71
86,Programmable composite software,Home & Garden,43.72,309,27
87,Multi-tiered composite challenge,Books,20.3,324,34
88,Future-proofed exuding flexibility,Automotive,8.53,464,7
89,Proactive client-server architecture,Clothing,24.13,424,36
90,Down-sized intermediate focus group,Electronics,10.33,394,17
91,Operative exuding matrices,Toys,5.9,226,71
92,Compatible high-level extranet,Health,28.86,57,10
93,Fully-configurable uniform product,Home & Garden,23.97,427,48
94,Proactive radical pricing structure,Home & Garden,23.72,21,40
95,Exclusive logistical benchmark,Books,12.85,407,6
96,Devolved exuding ability,books,5.38,127,86
97,Object-based full-range process improvement,Clothing,19.61,286,53
98,Multi-tiered full-range intranet,Home & Garden,10.42,121,21
99,Managed intermediate projection,Home & Garden,18.85,12,23
100,Right-sized client-driven framework,Books,13.19,210,86
101,Inverse real-time solution,Sports,17.03,403,90
102,Exclusive mission-critical functionalities,Clothing,13.87,19,61
103,Enhanced hybrid functionalities,Sports,5.16,470,59
104,Implemented user-facing solution,Books,10.55,407,30
105,Sharable mobile orchestration,Sports,10.05,98,52
106,Fully-configurable fresh-thinking implementation,Books,16.27,35,99
107,Grass-roots zero tolerance infrastructure,Toys,15.6,260,52
108,Multi-lateral bifurcated open system,Books,8.11,59,34
109,Exclusive optimizing moratorium,Home & Garden,21.74,135,5
110,Enterprise-wide systemic throughput,Clothing,8.67,176,94
111,Reactive 4thgeneration superstructure,Books,11.84,261,15
112,Persistent tertiary database,Health,17.63,97,33
113,Organic explicit solution,Electronics,21.8,0,67
114,Cloned incremental service-desk,SPORTS,10.82,35,86
115,Proactive client-driven productivity,Books,23.92,339,16
116,Innovative disintermediate extranet,Toys,21.69,341,53
117,Switchable coherent structure,Books,20.27,151,71
118,Optimized homogeneous archive,Home & Garden,22.04,340,49
119,Organized radical matrices,Home & Garden,53.09,154,52
120,Reduced impactful monitoring,Electronics,13.54,107,56
121,Profit-focused system-worthy instruction set,Books,7.62,226,87
122,Quality-focused 5thgeneration utilization,Sports,20.8,406,95
123,Multi-lateral tangible workforce,Home & Garden,11.33,145,66
124,Public-key radical productivity,Books,33.31,487,97
125,Configurable bi-directional throughput,Sports,21.68,115,26
126,Fully-configurable stable secured line,Home & Garden,19.63,125,61
127,Multi-channeled composite project,Clothing,42.71,453,81
128,Seamless 6thgeneration open system,Sports,9.2,196,64
129,Stand-alone systematic project,Health,12.87,335,89
130,Open-architected web-enabled groupware,Electronics,21.57,440,99
131,Optional bi-directional access,Clothing,58.96,112,23
132,Cross-platform empowering definition,Automotive,22.07,127,16
133,Profound value-added model,Automotive,16.07,237,86
134,Realigned optimal solution,Books,41.02,456,57
135,Re-engineered directional knowledge user,Health,44.52,280,58
136,Multi-layered hybrid Local Area Network,Home & Garden,24.94,243,58
137,Visionary systematic parallelism,Toys,22.94,430,82
138,Team-oriented motivating collaboration,Toys,24.67,266,63
139,Monitored 4thgeneration matrices,Sports,7.58,39,92
140,Customer-focused explicit instruction set,TOYS,50.71,171,41
141,Configurable bifurcated superstructure,Clothing,8.24,118,50
142,Digitized grid-enabled function,Home & Garden,10.53,32,54
143,Mandatory logistical toolset,Health,17.74,238,54
144,Expanded multi-state matrices,Electronics,23.58,215,50
145,Monitored methodical attitude,Electronics,12.16,391,74
146,Organic uniform standardization,Health,23.32,482,46
147,Organized foreground architecture,Toys,13.59,436,54
148,Innovative 6thgeneration workforce,Sports,24.93,139,56
149,Triple-buffered bifurcated adapter,Automotive,19.28,172,86
150,Mandatory secondary benchmark,Health,92.08,430,60
151,Synergistic composite support,Home & Garden,9.48,273,4
152,Fully-configurable multi-state conglomeration,Health,24.55,339,4
153,Reactive cohesive groupware,Clothing,23.17,69,60
154,Realigned interactive Local Area Network,Home & Garden,8.28,194,42
155,Focused impactful product,Sports,16.93,172,98
156,Enterprise-wide contextually-based productivity,Health,17.51,487,54
157,Switchable intermediate infrastructure,toys,13.14,240,3
158,Assimilated user-facing pricing structure,Electronics,12.06,179,29
159,Exclusive local parallelism,Clothing,22.43,333,6
160,Optimized human-resource ability,ELECTRONICS,8.75,102,3
161,Triple-buffered didactic database,,8.34,242,86
162,Grass-roots web-enabled strategy,Clothing,20.22,111,60
163,Cloned object-oriented benchmark,Toys,6.87,85,78
164,Public-key contextually-based hierarchy,Clothing,141.92,83,40
165,Inverse dedicated knowledgebase,Clothing,5.25,475,40
166,Customizable empowering secured line,Health,17.82,366,26
167,Pre-emptive multi-tasking productivity,Clothing,10.06,425,81
168,Intuitive radical info-mediaries,SPORTS,17.06,395,39
169,Seamless hybrid parallelism,Clothing,22.9,289,6
170,Customizable grid-enabled help-desk,Books,18.64,338,48
171,Persevering regional conglomeration,Clothing,13.69,174,2
172,Synergistic tertiary website,Health,13.5,54,56
173,Innovative reciprocal parallelism,Books,8.37,424,59
174,Configurable systematic challenge,Home & Garden,20.03,375,67
175,Intuitive bottom-line encoding,TOYS,21.8,470,69
176,Integrated bifurcated contingency,Automotive,62.51,422,94
177,Multi-layered system-worthy circuit,Toys,23.63,125,12
178,Profound human-resource instruction set,Toys,21.56,124,97
179,Right-sized client-driven orchestration,Automotive,20.87,342,49
180,Networked interactive contingency,Books,15.94,435,42
181,Pre-emptive scalable monitoring,Home & Garden,23.72,181,34
182,Team-oriented secondary conglomeration,Books,17.25,305,90
183,Realigned composite matrix,Toys,15.4,264,25
184,Horizontal client-driven contingency,Clothing,17.04,208,63
185,Intuitive local process improvement,Sports,14.1,330,92
186,Business-focused heuristic access,Automotive,134.18,8,12
187,Pre-emptive client-driven core,Toys,21.1,354,32
188,Networked next generation middleware,Toys,122.51,188,61
189,Streamlined modular installation,Books,6.48,381,71
190,Synergized mobile instruction set,Books,22.38,232,35
191,Triple-buffered leadingedge matrix,,49.88,61,93
192,Down-sized attitude-oriented open system,Sports,6.26,380,69
193,Assimilated well-modulated definition,Home & Garden,71.79,378,62
194,Implemented 5thgeneration focus group,Toys,24.73,500,98
195,Face-to-face national forecast,Toys,12.09,426,25
196,Down-sized zero-defect knowledgebase,Toys,19.13,91,39
197,Re-contextualized value-added throughput,Electronics,17.65,64,36
198,Visionary modular neural-net,Electronics,10.24,283,38
199,Profound bifurcated orchestration,Home & Garden,46.45,385,63
200,Customizable encompassing time-frame,Clothing,5.58,293,37
201,Quality-focused high-level moratorium,Automotive,6.41,174,24
202,Versatile 6thgeneration task-force,Electronics,52.37,441,62
203,Up-sized leadingedge moratorium,Clothing,6.28,205,63
204,Extended interactive benchmark,Clothing,63.76,351,7
205,User-centric solution-oriented system engine,HOME & GARDEN,10.47,288,39
206,Fully-configurable exuding alliance,Clothing,7.14,60,72
207,Organized empowering hardware,Health,12.92,404,80
208,Cross-group leadingedge capability,Sports,53.23,194,58
209,Vision-oriented disintermediate database,Automotive,36.38,301,55
210,User-centric optimizing solution,Toys,20.35,30,79
211,Monitored tertiary pricing structure,Clothing,8.64,106,81
212,Self-enabling interactive concept,SPORTS,11.65,41,21
213,Seamless client-driven toolset,Sports,16.41,38,21
214,Expanded demand-driven workforce,Electronics,15.68,352,77
215,Centralized non-volatile hardware,Automotive,18.47,118,37
216,Public-key even-keeled policy,,5.39,232,10
217,Public-key composite Graphic Interface,Sports,9.12,403,81
218,Triple-buffered explicit frame,Sports,9.48,278,29
219,Re-engineered encompassing migration,home & garden,15.85,423,19
220,Synergistic bandwidth-monitored challenge,Clothing,20.18,405,40
221,Versatile zero tolerance installation,Toys,15.09,239,89
222,Centralized even-keeled projection,Toys,17.78,482,35
223,De-engineered tangible capacity,Automotive,10.6,306,6
224,Fully-configurable client-server structure,Health,8.9,309,33
225,Inverse dynamic task-force,Electronics,55.09,492,87
226,Synergistic hybrid matrix,Electronics,16.77,344,35
227,Digitized object-oriented product,Electronics,12.1,89,61
228,Future-proofed responsive instruction set,Automotive,20.14,92,75
229,Multi-tiered local archive,Health,20.02,251,12
230,Sharable zero administration array,Automotive,8.0,170,42
231,Open-architected multimedia synergy,Clothing,19.88,168,53
232,Grass-roots system-worthy hub,AUTOMOTIVE,19.75,483,52
233,Persevering mobile Graphic Interface,Electronics,19.76,161,33
234,Reduced 24hour time-frame,BOOKS,45.03,395,52
235,Upgradable background superstructure,ELECTRONICS,11.07,277,60
236,Persevering scalable secured line,Health,8.88,265,47
237,Total heuristic architecture,Automotive,16.36,389,7
238,Public-key hybrid data-warehouse,Sports,5.53,67,37
239,Optimized didactic methodology,Automotive,6.4,248,16
240,Future-proofed fresh-thinking forecast,Electronics,24.08,311,31
241,Mandatory neutral orchestration,Home & Garden,24.24,7,71
242,De-engineered non-volatile matrix,Health,5.12,430,15
243,Mandatory systemic task-force,Automotive,23.74,331,20
244,Business-focused 6thgeneration attitude,Automotive,17.79,149,66
245,Self-enabling zero tolerance knowledgebase,Toys,15.2,247,61
246,Ameliorated bottom-line complexity,Sports,5.49,74,50
247,Organic logistical ability,Sports,14.14,260,96
248,Optimized dedicated solution,Home & Garden,12.11,141,99
249,De-engineered solution-oriented framework,Health,126.43,403,65
250,Diverse even-keeled array,Toys,15.58,144,93
251,Streamlined high-level extranet,toys,95.53,296,85
252,Configurable holistic secured line,Automotive,11.53,228,69
253,Streamlined composite application,,12.56,282,98
254,Object-based responsive function,Health,12.87,164,25
255,Up-sized tangible system engine,Sports,22.56,119,100
256,Focused interactive projection,Health,7.53,381,61
257,Cross-group tertiary attitude,Health,81.5,339,84
258,Adaptive didactic matrices,Home & Garden,21.48,18,17
259,Compatible clear-thinking parallelism,Books,11.49,447,57
260,Face-to-face multi-state software,Clothing,10.01,233,2
261,Organic 24/7 access,home & garden,11.41,335,20
262,Total global capability,Clothing,16.48,496,34
263,Optimized system-worthy capacity,Books,84.39,203,84
264,Polarized asynchronous emulation,Clothing,18.65,436,87
265,Networked background superstructure,Health,37.44,320,92
266,Customer-focused bi-directional functionalities,Automotive,5.71,18,80
267,Multi-layered exuding challenge,Clothing,147.96,350,37
268,Multi-tiered zero-defect system engine,SPORTS,13.07,222,13
269,Devolved secondary service-desk,Clothing,16.7,355,39
270,Digitized asymmetric moderator,Electronics,22.94,407,8
271,Re-contextualized 24/7 pricing structure,Toys,15.87,220,19
272,Streamlined composite intranet,sports,14.77,289,88
273,Monitored uniform data-warehouse,Home & Garden,36.52,40,79
274,Self-enabling value-added collaboration,Health,23.64,123,64
275,Open-source reciprocal software,Home & Garden,16.39,326,33
276,Organic didactic array,Automotive,19.92,4,60
277,Cross-platform client-driven system engine,Toys,15.21,80,10
278,Decentralized optimizing superstructure,Automotive,11.83,300,39
279,Networked grid-enabled interface,Health,20.86,233,39
280,Intuitive client-driven encryption,Sports,6.94,436,62
281,Grass-roots secondary artificial intelligence,Clothing,19.49,292,46
282,Fully-configurable neutral policy,Toys,51.4,151,3
283,Right-sized uniform portal,Health,22.21,289,88
284,Horizontal zero-defect solution,Electronics,22.98,381,64
285,Assimilated stable framework,TOYS,18.86,117,78
286,Expanded multi-state portal,Books,13.9,97,80
287,Profound content-based synergy,Toys,11.68,369,99
288,Object-based explicit project,Home & Garden,6.71,462,81
289,Business-focused zero tolerance utilization,Electronics,12.58,225,5
290,Front-line modular info-mediaries,Books,5.14,46,38
291,Customizable disintermediate methodology,Books,8.75,89,26
292,Sharable radical archive,home & garden,22.82,448,47
293,Progressive 24/7 hierarchy,Toys,16.64,131,62
294,Intuitive clear-thinking info-mediaries,Toys,19.59,173,15
295,Re-contextualized intangible hierarchy,Automotive,20.8,72,97
296,Quality-focused systemic conglomeration,sports,19.59,370,87
297,Virtual methodical throughput,Health,19.01,411,72
298,Compatible 3rdgeneration parallelism,Books,63.88,202,2
299,Cloned 24/7 firmware,Toys,55.06,232,48
300,Extended 6thgeneration approach,Toys,22.81,421,82
301,Object-based motivating forecast,Books,16.84,119,61
302,Self-enabling transitional middleware,Electronics,48.14,482,72
303,Visionary intangible interface,Books,7.07,113,83
304,Total impactful artificial intelligence,Clothing,20.62,237,90
305,Sharable national monitoring,TOYS,16.17,59,18
306,Seamless coherent focus group,,17.01,155,64
307,Configurable fault-tolerant artificial intelligence,Clothing,20.54,454,69
308,Profound demand-driven workforce,Home & Garden,11.32,189,86
309,Distributed national Graphic Interface,Health,20.81,372,20
310,Object-based optimizing productivity,HEALTH,13.89,426,63
311,Virtual solution-oriented software,Health,9.68,143,5
312,Stand-alone asymmetric function,Books,5.23,227,31
313,Total intermediate superstructure,Books,10.82,351,48
314,Front-line analyzing encryption,Books,21.46,141,25
315,Cross-group intermediate budgetary management,Clothing,17.72,421,59
316,Persevering reciprocal portal,Clothing,14.69,328,82
317,Centralized fault-tolerant secured line,ELECTRONICS,11.22,170,32
318,User-centric stable support,,23.56,105,9
319,Enhanced bottom-line access,Sports,36.08,416,30
320,Triple-buffered client-driven standardization,books,20.5,403,77
321,Advanced cohesive methodology,Electronics,44.29,74,17
322,Monitored multi-state model,Toys,21.86,56,85
323,Up-sized empowering concept,Electronics,17.5,183,31
324,Multi-layered clear-thinking synergy,Books,7.81,135,7
325,Vision-oriented encompassing superstructure,Home & Garden,24.24,269,15
326,Decentralized zero administration algorithm,Clothing,24.96,398,47
327,Managed interactive flexibility,Clothing,18.55,113,79
328,Progressive asymmetric firmware,Electronics,13.9,465,85
329,Universal object-oriented product,Toys,23.77,493,4
330,Compatible modular knowledgebase,Electronics,11.17,433,52
331,Profound high-level approach,Health,10.23,251,92
332,Proactive non-volatile concept,Automotive,24.28,41,42
333,Multi-layered cohesive extranet,Home & Garden,6.95,140,80
334,Visionary bi-directional orchestration,Books,6.08,305,68
335,Synergistic uniform budgetary management,Toys,70.78,309,56
336,Focused user-facing migration,Clothing,12.77,58,84
337,Adaptive 6thgeneration access,Sports,16.85,454,30
338,Fully-configurable 6thgeneration leverage,Health,10.82,232,52
339,Multi-lateral human-resource collaboration,,41.58,160,55
340,Enhanced 5thgeneration neural-net,Books,20.54,191,20
341,Universal user-facing projection,Automotive,11.06,425,11
342,Operative directional Graphic Interface,Clothing,127.2,381,95
343,Fully-configurable intangible success,Books,11.57,284,8
344,Intuitive encompassing archive,Books,12.07,210,46
345,Re-engineered holistic capability,HEALTH,16.72,369,7
346,Profit-focused systematic application,Toys,19.23,180,14
347,Enhanced directional website,Sports,12.62,246,29
348,Programmable 6thgeneration initiative,CLOTHING,5.41,284,48
349,Cloned maximized forecast,Clothing,29.16,293,29
350,Vision-oriented fault-tolerant Graphic Interface,Health,23.92,498,99
351,Cross-group neutral knowledgebase,Electronics,18.96,336,89
352,Advanced holistic customer loyalty,Toys,9.86,139,90
353,Implemented non-volatile toolset,Toys,12.82,179,1
354,Innovative user-facing process improvement,Home & Garden,5.23,289,85
355,Fully-configurable maximized hub,Health,6.02,379,82
356,Reverse-engineered modular throughput,Electronics,5.3,271,28
357,Vision-oriented dedicated superstructure,health,22.93,174,21
358,Quality-focused well-modulated utilization,Books,22.25,166,100
359,Fully-configurable coherent ability,clothing,69.06,79,21
360,Open-source 4thgeneration emulation,Electronics,21.62,139,57
361,Quality-focused grid-enabled productivity,Health,20.74,226,54
362,Team-oriented 24/7 groupware,Toys,50.07,262,15
363,Adaptive well-modulated protocol,Books,15.45,145,87
364,Multi-tiered user-facing superstructure,Automotive,125.04,157,6
365,Integrated bi-directional database,sports,20.79,306,8
366,Progressive disintermediate instruction set,Electronics,7.79,484,28
367,Pre-emptive analyzing circuit,Home & Garden,12.43,148,42
368,Universal even-keeled array,Clothing,6.4,382,56
369,Balanced discrete model,Home & Garden,21.37,272,91
370,Open-source tangible hub,Sports,7.54,426,86
371,Persevering value-added artificial intelligence,Books,9.32,441,95
372,Reduced bandwidth-monitored middleware,Electronics,19.27,235,10
373,Devolved scalable infrastructure,Books,18.46,293,52
374,Compatible optimizing open system,HEALTH,11.06,207,3
375,Centralized intermediate protocol,Books,21.53,485,80
376,De-engineered disintermediate frame,Automotive,16.91,470,47
377,Fundamental foreground website,Clothing,8.32,54,32
378,Object-based tangible support,Health,10.85,268,11
379,Inverse foreground knowledge user,Health,24.81,381,44
380,Future-proofed discrete archive,sports,14.56,86,10
381,Exclusive client-driven time-frame,Clothing,14.93,99,100
382,Visionary optimal benchmark,Books,11.03,490,83
383,Distributed bi-directional concept,Home & Garden,10.03,74,33
384,Organized maximized functionalities,Sports,12.32,78,98
385,Open-source bottom-line monitoring,Clothing,20.66,395,81
386,Multi-channeled zero administration database,Automotive,12.92,288,98
387,Organized fault-tolerant Local Area Network,Automotive,5.6,451,73
388,Fundamental bottom-line array,Books,20.33,321,41
389,Diverse systemic framework,Home & Garden,7.68,240,57
390,Triple-buffered tangible portal,Toys,14.65,302,8
391,Balanced didactic Graphic Interface,Books,19.2,158,60
392,Digitized background structure,Automotive,15.33,188,37
393,Fully-configurable heuristic infrastructure,Clothing,6.83,500,12
394,Profound actuating service-desk,Health,24.21,283,95
395,Innovative empowering conglomeration,Electronics,56.3,414,74
396,Assimilated impactful knowledge user,Sports,22.44,243,65
397,Realigned value-added neural-net,Home & Garden,49.4,230,14
398,Fully-configurable bandwidth-monitored Local Area Network,Books,23.21,43,65
399,Customer-focused client-driven capability,Home & Garden,10.45,362,57
400,Advanced analyzing time-frame,Automotive,9.7,312,21
401,Face-to-face clear-thinking customer loyalty,Books,21.71,144,50
402,Open-architected holistic software,Health,25.22,347,77
403,Self-enabling secondary artificial intelligence,Electronics,11.67,331,43
404,Reduced optimizing firmware,Clothing,10.46,285,87
405,Compatible 3rdgeneration architecture,Health,13.02,370,85
406,Exclusive secondary intranet,Home & Garden,99.91,298,85
407,De-engineered background workforce,HOME & GARDEN,13.36,158,84
408,Managed bottom-line analyzer,Health,13.72,362,11
409,Persistent actuating concept,TOYS,70.06,329,43
410,Re-engineered intermediate success,Home & Garden,24.45,424,95
411,Object-based modular algorithm,clothing,23.93,216,66
412,Multi-tiered systemic interface,Books,116.79,158,24
413,Enhanced heuristic data-warehouse,Sports,12.21,392,63
414,Enterprise-wide even-keeled focus group,Sports,22.54,70,20
415,Organized coherent alliance,Clothing,65.58,403,13
416,Seamless regional pricing structure,Electronics,18.95,448,99
417,Fully-configurable secondary frame,HOME & GARDEN,24.17,78,21
418,Proactive incremental neural-net,Home & Garden,20.98,394,80
419,Polarized analyzing array,Home & Garden,13.58,22,53
420,Grass-roots human-resource challenge,Books,13.22,121,57
421,Operative dedicated project,Toys,20.08,401,58
422,Progressive dynamic product,Sports,20.86,158,61
423,Quality-focused 3rdgeneration implementation,Sports,6.71,484,74
424,Universal heuristic matrices,Automotive,9.09,144,100
425,Quality-focused zero tolerance matrix,Health,8.36,214,21
426,Monitored non-volatile middleware,sports,24.57,70,33
427,Inverse human-resource flexibility,Electronics,24.87,447,48
428,Enterprise-wide 4thgeneration functionalities,Clothing,6.07,264,16
429,Right-sized directional algorithm,Toys,24.91,82,35
430,Vision-oriented even-keeled approach,Automotive,8.77,75,56
431,Phased multi-tasking help-desk,Clothing,17.43,113,58
432,Visionary optimal emulation,Books,8.75,212,7
433,Diverse bandwidth-monitored encryption,Health,5.54,120,50
434,Switchable disintermediate flexibility,Clothing,5.71,14,41
435,Public-key user-facing approach,Clothing,21.91,332,43
436,Virtual directional orchestration,Home & Garden,10.75,146,61
437,Networked heuristic conglomeration,Home & Garden,5.51,240,58
438,Enhanced disintermediate parallelism,electronics,17.25,9,33
439,Intuitive user-facing standardization,SPORTS,19.48,280,94
440,Multi-channeled optimizing algorithm,Health,11.75,147,31
441,Triple-buffered tangible help-desk,Toys,29.24,122,54
442,Re-contextualized non-volatile circuit,Automotive,13.69,428,64
443,Re-contextualized content-based workforce,Electronics,21.27,294,31
444,Proactive needs-based function,Home & Garden,22.99,0,79
445,Enhanced mobile alliance,Books,21.92,213,24
446,Cross-group analyzing emulation,Clothing,22.18,184,9
447,Robust directional adapter,Electronics,8.31,240,6
448,Progressive mission-critical ability,Health,56.08,129,96
449,Managed reciprocal customer loyalty,Electronics,9.69,34,45
450,De-engineered global structure,Sports,13.86,321,14
451,Enhanced fresh-thinking approach,Books,70.92,180,70
452,Ameliorated client-server parallelism,Books,19.12,89,100
453,Triple-buffered client-server time-frame,Automotive,6.03,245,81
454,Customizable multi-tasking hierarchy,Home & Garden,19.52,32,92
455,Compatible holistic strategy,Automotive,144.58,103,6
456,Switchable hybrid parallelism,Sports,19.23,161,40
457,Cross-platform global framework,Health,147.56,278,61
458,Inverse client-driven complexity,toys,39.97,331,25
459,Upgradable intermediate utilization,Toys,16.33,399,7
460,Sharable mobile projection,Books,10.43,409,48
461,Intuitive context-sensitive strategy,Health,12.95,380,57
462,Realigned system-worthy pricing structure,Health,5.27,95,64
463,Multi-channeled directional secured line,Automotive,18.63,408,67
464,Reverse-engineered context-sensitive implementation,Toys,48.68,372,55
465,Integrated upward-trending solution,Clothing,37.26,421,24
466,Implemented clear-thinking conglomeration,Toys,14.46,40,42
467,Upgradable 24hour standardization,Toys,18.31,308,92
468,Re-engineered hybrid throughput,Health,61.24,227,45
469,Re-contextualized 5thgeneration contingency,Automotive,14.94,445,46
470,Robust foreground workforce,Health,44.23,405,8
471,Seamless directional productivity,Clothing,9.3,207,47
472,Re-contextualized bi-directional methodology,Home & Garden,38.09,73,78
473,Digitized full-range synergy,Automotive,17.23,34,31
474,Compatible disintermediate hardware,Books,15.09,486,73
475,Intuitive composite productivity,Electronics,21.41,347,58
476,Cross-group tertiary secured line,Books,45.04,390,10
477,Sharable upward-trending groupware,Home & Garden,24.74,203,41
478,Organized 24/7 firmware,Toys,56.81,58,4
479,Expanded dynamic solution,Home & Garden,13.67,198,72
480,Cloned grid-enabled extranet,Clothing,6.5,133,91
481,Customer-focused uniform ability,Automotive,7.85,313,37
482,Business-focused human-resource intranet,Automotive,10.29,69,10
483,Upgradable intangible concept,Automotive,16.19,365,57
484,Open-source modular implementation,Clothing,11.46,495,41
485,Monitored needs-based implementation,Books,13.14,281,70
486,Cross-platform mission-critical toolset,Toys,13.34,435,21
487,Re-engineered solution-oriented task-force,Home & Garden,9.69,260,29
488,Synergized directional complexity,Clothing,5.18,405,18
489,Organized asynchronous website,Sports,23.56,13,47
490,Automated explicit adapter,Books,16.06,282,17
491,Intuitive empowering benchmark,Clothing,10.9,203,92
492,Compatible global concept,Automotive,32.8,393,53
493,Multi-tiered cohesive superstructure,Clothing,7.01,162,83
494,Compatible neutral array,Clothing,12.01,348,67
495,Mandatory radical pricing structure,Books,15.54,424,100
496,Polarized tertiary algorithm,Home & Garden,19.2,66,56
497,Optional solution-oriented concept,Electronics,8.91,265,20
498,Robust intermediate complexity,Toys,24.4,165,91
499,Business-focused bandwidth-monitored groupware,Sports,6.47,481,67
500,Expanded content-based installation,Toys,64.41,128,26
501,Total neutral success,Toys,6.03,155,79
502,Upgradable needs-based firmware,Clothing,15.78,86,76
503,Switchable executive framework,Home & Garden,24.8,319,93
504,Front-line bandwidth-monitored application,Books,11.96,288,6
505,Object-based object-oriented neural-net,,17.5,485,83
506,Pre-emptive coherent application,Toys,23.47,392,74
507,Multi-lateral 24hour interface,Health,12.57,15,64
508,Cross-group explicit protocol,Toys,20.11,154,62
509,Self-enabling radical matrices,Sports,70.47,350,52
510,Exclusive bandwidth-monitored algorithm,,19.27,352,8
511,Expanded composite productivity,Home & Garden,8.41,247,60
512,Implemented attitude-oriented leverage,Sports,10.39,73,41
513,Customizable fault-tolerant toolset,Books,6.7,440,45
514,Object-based methodical matrix,Health,24.9,189,66
515,Switchable empowering array,Clothing,22.71,238,16
516,Stand-alone needs-based info-mediaries,Toys,21.25,72,13
517,Enterprise-wide holistic implementation,Electronics,64.97,196,79
518,Multi-layered contextually-based knowledge user,Health,18.29,443,21
519,Balanced empowering intranet,Books,8.21,369,41
520,Persistent empowering definition,Sports,9.68,255,66
521,Future-proofed non-volatile approach,automotive,11.5,157,64
522,Distributed web-enabled standardization,Electronics,18.86,201,65
523,Synchronized bandwidth-monitored artificial intelligence,Automotive,6.45,110,75
524,Synchronized grid-enabled workforce,Books,15.49,144,64
525,Quality-focused incremental system engine,Automotive,15.66,4,14
526,Reverse-engineered discrete neural-net,health,18.2,135,94
527,Centralized human-resource model,Books,5.39,187,6
528,Operative national software,Health,19.71,287,25
529,Phased object-oriented encoding,Books,21.08,37,50
530,Phased exuding artificial intelligence,Automotive,19.47,143,80
531,Object-based transitional alliance,Clothing,16.12,49,51
532,Profit-focused object-oriented model,Books,58.95,173,72
533,Re-engineered systematic process improvement,Books,24.84,101,78
534,Digitized bottom-line system engine,Health,14.3,23,5
535,Organized context-sensitive concept,Home & Garden,14.53,411,61
536,Extended content-based capacity,Automotive,20.18,457,66
537,Balanced interactive artificial intelligence,Home & Garden,19.29,313,41
538,Synergized intermediate customer loyalty,Home & Garden,18.23,315,95
539,Self-enabling client-server policy,Toys,13.77,259,66
540,Fundamental foreground superstructure,Automotive,17.1,153,61
541,Cloned background info-mediaries,,21.84,344,15
542,Realigned hybrid neural-net,Health,6.52,407,93
543,Inverse even-keeled model,Electronics,24.91,135,84
544,Persevering 24/7 toolset,Sports,9.3,298,62
545,Total regional parallelism,Home & Garden,85.78,369,80
546,Programmable zero tolerance instruction set,Health,20.67,348,32
547,Customizable intangible collaboration,Electronics,34.31,358,15
548,Digitized non-volatile parallelism,Sports,24.67,160,54
549,Reduced well-modulated attitude,Home & Garden,11.7,104,53
550,Customer-focused non-volatile time-frame,Automotive,19.32,376,94
551,Cross-platform zero tolerance forecast,Electronics,16.71,265,27
552,Public-key grid-enabled installation,Books,17.0,244,68
553,Fundamental human-resource projection,,11.97,88,59
554,Pre-emptive object-oriented portal,Books,7.71,346,99
555,Phased 5thgeneration conglomeration,Toys,11.2,98,32
556,Grass-roots impactful circuit,toys,15.97,115,39
557,Secured real-time software,Toys,22.38,353,91
558,Team-oriented impactful alliance,Automotive,32.94,178,72
559,Object-based full-range solution,Toys,18.33,293,87
560,Front-line actuating synergy,Health,61.69,202,45
561,Phased encompassing hub,Home & Garden,10.0,147,92
562,Ameliorated global utilization,Clothing,20.76,226,84
563,Innovative fault-tolerant focus group,Toys,145.59,109,26
564,Pre-emptive tangible software,Toys,15.06,356,35
565,Cross-platform discrete challenge,home & garden,25.63,379,76
566,Innovative value-added intranet,Sports,66.81,342,68
567,Vision-oriented fresh-thinking flexibility,SPORTS,15.72,26,13
568,Upgradable intangible portal,Health,16.51,241,13
569,Stand-alone background core,Home & Garden,16.67,281,21
570,Organic didactic installation,health,20.71,450,61
571,User-centric mobile task-force,Automotive,21.99,387,37
572,Programmable holistic approach,Books,18.11,30,99
573,Profound cohesive architecture,Clothing,23.32,118,69
574,Integrated tertiary middleware,,21.22,89,54
575,Open-architected client-driven time-frame,home & garden,17.54,18,51
576,Progressive non-volatile algorithm,Automotive,22.92,383,38
577,Enhanced content-based customer loyalty,ELECTRONICS,46.11,290,78
578,Centralized dynamic alliance,Clothing,16.31,171,37
579,Persevering actuating hierarchy,Automotive,23.63,278,68
580,Triple-buffered dedicated focus group,Automotive,21.71,68,65
581,Multi-layered maximized middleware,Automotive,7.97,414,15
582,Object-based scalable capability,Books,12.68,234,83
583,Synergized 4thgeneration encoding,Toys,11.29,7,95
584,Multi-layered mobile policy,Books,17.34,290,87
585,Organized context-sensitive leverage,Sports,103.18,438,82
586,Reverse-engineered neutral hardware,Health,9.44,263,42
587,Monitored cohesive firmware,Clothing,11.08,48,24
588,User-friendly system-worthy array,Home & Garden,61.34,479,32
589,Horizontal 4thgeneration info-mediaries,Electronics,10.32,120,58
590,Business-focused cohesive orchestration,Toys,6.75,154,75
591,Vision-oriented didactic definition,Electronics,17.51,184,89
592,Stand-alone directional service-desk,Sports,12.28,60,60
593,Expanded encompassing projection,Toys,9.43,351,65
594,Open-source multimedia adapter,TOYS,12.62,327,38
595,Vision-oriented zero administration software,Books,6.39,112,18
596,Advanced methodical capacity,Automotive,15.86,382,78
597,Stand-alone context-sensitive policy,books,22.31,281,61
598,Advanced directional extranet,Sports,46.94,348,97
599,Robust fault-tolerant structure,clothing,22.68,270,91
600,Triple-buffered secondary focus group,Books,72.75,288,15
601,Optimized homogeneous hardware,Electronics,18.36,462,65
602,Persevering eco-centric data-warehouse,Sports,7.51,76,22
603,Persistent exuding service-desk,Books,21.41,226,15
604,Programmable regional infrastructure,Sports,13.65,250,12
605,Reduced bi-directional ability,AUTOMOTIVE,66.5,232,17
606,Profound stable hub,Health,23.04,29,72
607,Realigned secondary policy,Automotive,19.31,157,93
608,Robust executive framework,electronics,15.09,418,1
609,Synergized bi-directional matrices,Sports,30.99,23,55
610,Cloned global focus group,BOOKS,18.81,277,8
611,Sharable fresh-thinking focus group,Clothing,10.79,241,5
612,Fundamental solution-oriented structure,Toys,10.8,393,18
613,Streamlined exuding core,Health,12.89,456,49
614,Distributed multi-state task-force,Automotive,9.11,464,49
615,Front-line analyzing workforce,Health,20.68,493,85
616,Right-sized impactful protocol,Home & Garden,24.39,178,16
617,Intuitive systemic challenge,Home & Garden,13.23,201,68
618,Up-sized 4thgeneration projection,Home & Garden,39.73,114,1
619,Proactive explicit firmware,Electronics,21.01,237,87
620,Operative impactful info-mediaries,HEALTH,30.81,421,30
621,User-centric 5thgeneration paradigm,Sports,24.55,79,36
622,Triple-buffered object-oriented core,Sports,20.94,371,98
623,Mandatory uniform structure,Clothing,31.23,338,54
624,Face-to-face systemic monitoring,Electronics,21.83,34,13
625,Sharable zero tolerance leverage,Electronics,6.41,344,91
626,Synchronized heuristic middleware,Electronics,19.73,22,52
627,Innovative composite protocol,Automotive,17.75,111,97
628,Realigned contextually-based frame,Electronics,11.19,148,30
629,Cross-platform methodical capacity,Books,12.84,395,87
630,User-centric empowering success,Books,18.27,448,19
631,Realigned well-modulated contingency,Sports,6.28,140,8
632,Synergized full-range projection,Home & Garden,17.05,218,72
633,Cross-group directional help-desk,Automotive,7.26,176,83
634,Face-to-face value-added function,Health,51.11,163,90
635,Operative zero tolerance groupware,,23.0,153,49
636,Multi-layered empowering paradigm,Home & Garden,17.79,242,31
637,Implemented maximized capability,,15.82,362,19
638,Phased actuating productivity,Automotive,19.21,287,53
639,Reduced optimal process improvement,Health,17.8,68,50
640,Compatible methodical core,Sports,14.49,169,83
641,Profit-focused bottom-line software,Clothing,15.36,433,48
642,Multi-tiered multi-tasking framework,clothing,13.28,424,25
643,Open-source actuating collaboration,ELECTRONICS,19.08,344,78
644,Devolved dedicated Graphical User Interface,Electronics,10.41,96,98
645,Open-source non-volatile knowledgebase,Sports,11.13,445,43
646,Digitized foreground structure,Toys,23.58,7,28
647,Enterprise-wide zero-defect artificial intelligence,Sports,14.27,60,96
648,Pre-emptive full-range product,Automotive,14.17,356,78
649,Enhanced foreground productivity,Sports,125.26,122,71
650,Centralized 24hour knowledge user,Books,21.23,194,60
651,Grass-roots demand-driven task-force,Books,12.16,184,66
652,Vision-oriented composite orchestration,Automotive,58.63,411,93
653,Virtual cohesive matrix,Automotive,13.49,163,27
654,Virtual zero-defect array,Books,39.34,23,73
655,De-engineered reciprocal Internet solution,Sports,11.13,8,34
656,Sharable interactive initiative,Health,7.35,100,43
657,Optimized mission-critical info-mediaries,Sports,19.48,426,32
658,Adaptive 5thgeneration monitoring,Automotive,20.09,483,88
659,Exclusive upward-trending hub,Books,20.31,420,63
660,Advanced fresh-thinking system engine,Automotive,14.4,375,46
661,Progressive content-based adapter,Home & Garden,32.72,279,63
662,Synergistic 24hour product,Home & Garden,16.84,277,83
663,Upgradable dynamic definition,Electronics,24.76,429,10
664,Team-oriented grid-enabled function,Electronics,11.67,211,18
665,De-engineered bi-directional info-mediaries,Sports,35.3,77,2
666,Profit-focused optimizing function,Sports,14.88,191,8
667,Down-sized asymmetric analyzer,AUTOMOTIVE,10.05,8,1
668,Innovative explicit knowledgebase,Health,9.43,271,93
669,Upgradable multi-state policy,Toys,107.62,146,3
670,Progressive global Internet solution,Health,23.1,465,23
671,Synergized client-driven Graphical User Interface,Clothing,14.77,268,20
672,Pre-emptive heuristic system engine,Sports,39.26,269,33
673,Ergonomic composite workforce,BOOKS,54.58,203,11
674,Open-architected 3rdgeneration emulation,Books,22.82,235,73
675,Face-to-face upward-trending capacity,Sports,7.96,115,39
676,Extended upward-trending adapter,Clothing,7.55,439,84
677,Reverse-engineered motivating concept,Electronics,12.13,194,49
678,Decentralized high-level structure,Automotive,14.8,4,90
679,Streamlined 5thgeneration implementation,Home & Garden,17.56,432,56
680,Sharable eco-centric throughput,Books,19.87,439,13
681,Public-key regional application,Electronics,15.83,461,89
682,Right-sized actuating protocol,Automotive,8.28,473,10
683,Customer-focused solution-oriented adapter,Toys,25.02,288,85
684,Business-focused system-worthy budgetary management,Electronics,128.08,435,41
685,Operative leadingedge implementation,Electronics,17.1,300,19
686,Decentralized neutral extranet,Health,11.42,153,21
687,Phased tangible collaboration,,30.22,434,50
688,Expanded system-worthy software,Books,10.58,378,18
689,Self-enabling 24/7 framework,Clothing,8.31,498,45
690,Operative stable attitude,Electronics,9.39,118,10
691,Switchable multi-state flexibility,BOOKS,19.33,314,77
692,Secured real-time standardization,Health,19.75,167,4
693,Devolved intangible benchmark,TOYS,8.4,230,63
694,Profound uniform process improvement,Sports,8.79,481,49
695,Decentralized executive budgetary management,Health,20.55,299,85
696,Customer-focused modular customer loyalty,Health,92.95,316,38
697,Robust dedicated time-frame,Sports,24.66,42,35
698,Fundamental multi-state customer loyalty,,5.41,401,82
699,Multi-channeled tertiary installation,Home & Garden,9.39,162,47
700,Implemented cohesive analyzer,Clothing,52.17,482,40
701,Reactive modular database,Automotive,9.88,138,14
702,Team-oriented mission-critical groupware,Home & Garden,11.32,220,58
703,Front-line 24hour access,Health,47.82,45,46
704,Synchronized background budgetary management,Clothing,127.69,401,42
705,Re-engineered static methodology,,17.04,211,50
706,Distributed background time-frame,Clothing,5.33,286,32
707,Profound asynchronous success,Home & Garden,12.96,86,18
708,Up-sized bandwidth-monitored extranet,toys,15.2,252,19
709,Stand-alone discrete knowledgebase,Clothing,18.13,141,54
710,Implemented empowering Local Area Network,Toys,15.25,39,47
711,Business-focused bandwidth-monitored conglomeration,Toys,72.62,369,81
712,Balanced explicit hierarchy,Automotive,19.58,100,59
713,Synergistic foreground interface,CLOTHING,9.31,3,51
714,User-centric bifurcated attitude,Books,14.69,194,43
715,Virtual 6thgeneration access,Automotive,20.85,417,84
716,Devolved stable project,Home & Garden,15.6,308,89
717,Down-sized full-range help-desk,Sports,5.42,90,51
718,Organic regional flexibility,Books,17.54,355,82
719,Upgradable background hub,Automotive,21.0,400,32
720,Mandatory contextually-based budgetary management,Books,25.41,418,51
721,Open-architected impactful knowledgebase,Books,20.94,288,26
722,Future-proofed human-resource solution,Home & Garden,36.72,281,4
723,Polarized intangible projection,Automotive,18.0,107,57
724,Down-sized bifurcated capacity,Toys,131.23,35,53
725,Total uniform approach,automotive,6.34,155,31
726,Diverse bi-directional instruction set,Toys,12.78,366,55
727,Reverse-engineered mission-critical website,Health,10.16,306,62
728,Re-contextualized systematic intranet,Health,5.85,472,89
729,Enterprise-wide reciprocal implementation,Health,15.02,404,47
730,Vision-oriented heuristic pricing structure,Clothing,5.22,127,85
731,Assimilated systemic superstructure,Books,11.8,313,6
732,De-engineered mission-critical matrix,health,6.05,169,56
733,Customizable incremental intranet,CLOTHING,10.13,132,29
734,Balanced asymmetric firmware,Sports,51.39,200,60
735,Streamlined foreground access,Home & Garden,18.33,12,62
736,Triple-buffered systematic moderator,,19.9,471,11
737,Visionary value-added orchestration,CLOTHING,16.66,373,19
738,Up-sized non-volatile definition,Books,49.26,233,27
739,Synchronized global model,Automotive,9.02,49,57
740,Programmable system-worthy standardization,automotive,19.81,153,6
741,Secured bandwidth-monitored Internet solution,Clothing,32.6,175,83
742,Switchable upward-trending encryption,Clothing,24.65,84,95
743,Polarized grid-enabled protocol,SPORTS,19.5,282,21
744,Synergistic secondary info-mediaries,Books,7.94,490,60
745,Distributed next generation pricing structure,Sports,12.13,322,24
746,Business-focused 24/7 project,Home & Garden,16.33,221,51
747,Diverse motivating leverage,Electronics,13.81,452,26
748,Proactive composite archive,Automotive,12.52,199,1
749,Versatile mobile Graphic Interface,,6.65,385,91
750,Front-line full-range focus group,Clothing,21.34,409,69
751,Business-focused motivating definition,Home & Garden,5.05,100,59
752,Reactive secondary implementation,Clothing,137.56,441,63
753,Open-architected disintermediate artificial intelligence,Books,10.78,312,51
754,Persevering leadingedge website,Clothing,17.45,432,59
755,Re-engineered local array,Home & Garden,5.08,361,39
756,Proactive local functionalities,Clothing,22.48,160,16
757,Decentralized modular synergy,Sports,22.96,93,48
758,Streamlined 3rdgeneration benchmark,Home & Garden,11.19,214,77
759,Open-architected incremental alliance,HOME & GARDEN,23.27,216,24
760,Realigned neutral ability,Automotive,25.94,355,83
761,Cross-group real-time process improvement,Home & Garden,7.12,250,37
762,Sharable exuding migration,Home & Garden,104.31,431,58
763,Realigned demand-driven projection,Electronics,21.47,487,2
764,Synchronized logistical Graphical User Interface,Automotive,9.5,417,50
765,Multi-lateral actuating definition,Automotive,21.9,251,54
766,Persevering full-range open architecture,Automotive,12.09,42,73
767,Visionary regional policy,Electronics,17.82,112,38
768,Phased transitional protocol,Electronics,19.81,275,37
769,Multi-lateral transitional knowledge user,,8.98,289,96
770,Customizable bandwidth-monitored task-force,Automotive,23.37,57,74
771,Switchable directional ability,Clothing,5.71,278,47
772,Mandatory heuristic productivity,Electronics,15.97,225,70
773,Implemented neutral model,Sports,12.69,52,95
774,Multi-layered tangible benchmark,Sports,9.81,16,58
775,Balanced composite methodology,Toys,20.98,418,12
776,Devolved transitional synergy,Automotive,14.08,60,100
777,Up-sized incremental benchmark,Sports,11.07,377,76
778,Function-based reciprocal customer loyalty,Books,17.74,312,81
779,Ergonomic bottom-line infrastructure,Health,23.65,71,27
780,Extended logistical toolset,Sports,11.33,291,45
781,Ergonomic transitional Graphical User Interface,toys,16.82,86,42
782,Customer-focused web-enabled instruction set,Toys,23.08,136,66
783,Balanced scalable service-desk,Clothing,18.81,384,53
784,Reverse-engineered bottom-line throughput,Electronics,8.42,443,84
785,Organized logistical protocol,Home & Garden,17.56,67,32
786,Reverse-engineered motivating challenge,Home & Garden,119.69,424,32
787,Proactive 24hour moderator,Health,72.44,295,81
788,User-centric actuating neural-net,Toys,17.68,192,58
789,Optional optimal matrices,Clothing,15.67,450,99
790,Profound zero-defect conglomeration,Clothing,20.21,383,36
791,Team-oriented optimal conglomeration,Books,10.02,249,42
792,Upgradable clear-thinking benchmark,Electronics,20.1,433,94
793,Networked stable policy,Clothing,22.46,234,82
794,Robust fresh-thinking middleware,Books,38.83,407,69
795,Networked intangible portal,Health,17.97,219,28
796,Team-oriented well-modulated encryption,Automotive,21.4,424,37
797,Grass-roots hybrid Graphical User Interface,BOOKS,36.03,66,73
798,Implemented local workforce,Automotive,17.86,457,88
799,Devolved client-driven installation,Electronics,13.39,320,59
800,Robust tangible synergy,Electronics,9.01,439,21
801,Profound exuding standardization,Automotive,5.77,490,55
802,Reactive foreground structure,Sports,13.92,465,17
803,User-centric neutral product,Toys,24.39,477,36
804,Extended dedicated database,Clothing,16.71,128,11
805,Secured transitional frame,,21.51,332,22
806,Synergized grid-enabled service-desk,Electronics,10.27,156,93
807,De-engineered tertiary projection,Sports,20.54,46,91
808,Enhanced motivating moratorium,,5.77,244,10
809,Team-oriented scalable Graphic Interface,Home & Garden,7.62,265,88
810,Triple-buffered bifurcated task-force,Automotive,21.98,356,44
811,Multi-channeled next generation matrices,Clothing,21.88,216,89
812,Reduced object-oriented secured line,Home & Garden,18.82,117,50
813,Triple-buffered intangible service-desk,Clothing,7.08,52,14
814,User-friendly national forecast,Books,15.46,153,18
815,Optimized 24/7 model,Health,24.22,385,18
816,Customer-focused 4thgeneration implementation,home & garden,15.78,288,2
817,Digitized actuating secured line,Home & Garden,22.4,369,28
818,Centralized dedicated flexibility,Home & Garden,16.83,315,88
819,Versatile zero tolerance complexity,AUTOMOTIVE,6.17,44,13
820,Horizontal systemic extranet,home & garden,7.54,301,94
821,Digitized analyzing solution,Health,52.5,219,41
822,Implemented demand-driven system engine,Home & Garden,22.96,330,11
823,Quality-focused 5thgeneration help-desk,Sports,14.81,307,93
824,Organized bi-directional pricing structure,Toys,5.59,353,4
825,Synergistic user-facing open architecture,Toys,17.95,310,66
826,Face-to-face value-added project,Sports,8.24,151,83
827,Realigned human-resource encoding,Electronics,20.33,406,31
828,Profound zero tolerance utilization,Automotive,21.17,123,64
829,Total executive solution,Clothing,5.28,500,2
830,Synchronized actuating implementation,Books,7.69,67,50
831,Networked intangible toolset,Health,24.15,349,23
832,Synergized foreground neural-net,Automotive,16.2,394,10
833,Business-focused 24/7 synergy,Electronics,11.05,7,34
834,Function-based dedicated process improvement,Sports,13.77,30,51
835,Vision-oriented leadingedge definition,Toys,15.53,256,99
836,Sharable tertiary strategy,Health,23.82,205,11
837,Stand-alone holistic system engine,Home & Garden,10.87,158,11
838,Reverse-engineered needs-based support,Sports,22.14,79,69
839,Robust dedicated time-frame,Books,9.97,324,98
840,Up-sized content-based frame,Clothing,5.32,223,94
841,Organized context-sensitive software,Sports,10.34,44,56
842,Compatible contextually-based conglomeration,Clothing,20.64,311,8
843,User-centric multimedia capability,Toys,21.53,336,95
844,Multi-tiered 6thgeneration interface,Home & Garden,9.35,362,18
845,Grass-roots next generation firmware,Electronics,23.87,487,45
846,De-engineered cohesive paradigm,Toys,7.77,64,96
847,Function-based 24hour groupware,Toys,23.88,60,99
848,Persistent tertiary collaboration,Electronics,71.9,219,35
849,Balanced coherent Graphic Interface,Clothing,6.75,499,74
850,Right-sized actuating time-frame,Clothing,17.32,261,47
851,Self-enabling reciprocal protocol,Electronics,17.94,290,22
852,Innovative mobile utilization,Books,11.3,395,14
853,Re-engineered neutral help-desk,Clothing,6.45,260,1
854,Compatible zero tolerance strategy,Electronics,31.82,6,32
855,Intuitive multi-tasking definition,Electronics,7.5,196,20
856,Enterprise-wide multi-state architecture,Home & Garden,15.85,439,5
857,Profit-focused cohesive instruction set,Health,42.58,127,54
858,Quality-focused national initiative,Books,10.58,39,74
859,Cross-group grid-enabled definition,BOOKS,23.4,344,7
860,Extended stable groupware,home & garden,36.53,264,6
861,Managed high-level frame,Health,9.17,238,37
862,Extended web-enabled process improvement,Toys,73.74,283,59
863,Progressive methodical open architecture,Electronics,6.36,149,73
864,Versatile solution-oriented access,Toys,68.63,124,60
865,Customizable static hardware,Books,5.35,252,99
866,Organized disintermediate project,Sports,14.49,279,98
867,Seamless regional encryption,Sports,21.35,477,53
868,Balanced systemic Graphic Interface,Electronics,19.75,177,82
869,Multi-tiered bifurcated info-mediaries,Electronics,13.24,0,98
870,Function-based needs-based success,Health,11.89,372,40
871,Horizontal 4thgeneration model,Clothing,6.03,121,54
872,Visionary holistic migration,Automotive,20.93,497,19
873,Profound local matrix,Toys,18.15,471,30
874,Balanced explicit projection,Health,5.36,190,59
875,Ergonomic fresh-thinking migration,Clothing,12.85,258,18
876,Configurable bandwidth-monitored concept,Health,6.92,290,8
877,Visionary national monitoring,Health,7.67,66,31
878,Adaptive responsive architecture,Toys,52.86,161,51
879,Expanded static product,Books,24.13,139,30
880,Vision-oriented didactic software,Clothing,29.88,69,100
881,Optimized bi-directional database,Clothing,19.31,84,58
882,Public-key tangible support,Automotive,13.16,61,69
883,Vision-oriented intermediate project,Books,24.04,106,58
884,Compatible value-added software,Toys,9.26,436,16
885,Distributed 4thgeneration knowledgebase,Clothing,12.82,351,39
886,Universal full-range alliance,Electronics,18.2,438,42
887,Cross-group asynchronous application,Home & Garden,11.87,127,46
888,Enhanced eco-centric open architecture,Health,21.56,346,39
889,Compatible object-oriented emulation,Toys,11.6,89,4
890,Fundamental incremental info-mediaries,Health,9.01,284,96
891,Organized responsive initiative,Sports,71.09,52,18
892,Optional foreground adapter,Clothing,22.64,425,100
893,Networked systematic capability,Sports,17.49,421,52
894,Public-key 24hour project,Books,6.08,480,83
895,Up-sized regional architecture,Clothing,43.17,132,10
896,Versatile value-added paradigm,Electronics,9.26,101,83
897,Balanced tangible archive,Automotive,14.8,47,43
898,Multi-channeled motivating benchmark,Clothing,15.01,236,7
899,Implemented zero tolerance software,Home & Garden,13.89,221,93
900,Innovative real-time array,Health,18.2,195,88
901,Horizontal well-modulated intranet,Health,46.43,109,24
902,Multi-tiered hybrid protocol,Toys,17.12,452,20
903,Assimilated methodical complexity,,8.59,315,32
904,Public-key directional challenge,Toys,18.77,451,71
905,User-friendly hybrid utilization,Automotive,21.18,143,50
906,Quality-focused explicit productivity,Home & Garden,16.05,329,68
907,Digitized exuding service-desk,Sports,10.19,410,70
908,Upgradable secondary hub,Electronics,22.54,400,92
909,Advanced neutral open architecture,Books,22.13,400,63
910,Digitized bottom-line analyzer,Books,15.81,257,42
911,Adaptive object-oriented policy,Health,24.85,13,41
912,Object-based national neural-net,Sports,14.13,415,100
913,Configurable fault-tolerant database,Toys,8.85,241,68
914,User-friendly user-facing success,Books,7.07,119,21
915,Monitored didactic installation,Clothing,12.97,123,35
916,Stand-alone multimedia circuit,ELECTRONICS,19.36,485,29
917,Diverse contextually-based definition,Health,18.51,429,23
918,Seamless eco-centric core,Home & Garden,24.92,162,95
919,Customizable contextually-based secured line,Books,15.33,14,91
920,Re-contextualized actuating system engine,Books,67.47,288,19
921,Reactive maximized project,Sports,9.65,414,64
922,Reactive asynchronous frame,Toys,18.13,19,12
923,Synchronized asymmetric extranet,Electronics,7.24,112,3
924,Cross-platform dedicated success,Automotive,15.82,469,79
925,Reduced mobile groupware,Sports,14.47,174,92
926,Multi-channeled clear-thinking secured line,Home & Garden,8.85,432,42
927,Streamlined disintermediate attitude,electronics,21.5,300,91
928,Horizontal regional architecture,home & garden,15.53,433,68
929,Ergonomic foreground matrix,Books,6.17,191,91
930,Organized full-range pricing structure,Health,15.06,172,39
931,Switchable fault-tolerant solution,Books,8.93,80,94
932,Reduced coherent open system,Health,15.67,491,63
933,Re-contextualized high-level workforce,Books,13.77,495,72
934,Intuitive interactive concept,,13.64,301,23
935,Adaptive foreground encryption,Health,17.32,352,38
936,Face-to-face transitional support,Home & Garden,16.62,0,90
937,Stand-alone intermediate focus group,Health,5.13,394,73
938,Multi-lateral client-driven service-desk,Electronics,21.82,162,79
939,Upgradable full-range matrices,Sports,10.34,53,64
940,Persistent local help-desk,Home & Garden,21.05,39,31
941,Vision-oriented fault-tolerant matrix,Books,23.27,85,82
942,Reactive bi-directional conglomeration,Clothing,19.96,343,82
943,Stand-alone real-time artificial intelligence,Books,24.06,135,27
944,Grass-roots client-driven monitoring,Sports,19.79,179,33
945,Exclusive empowering superstructure,Clothing,13.28,24,50
946,Self-enabling asynchronous superstructure,AUTOMOTIVE,21.66,496,22
947,Compatible 3rdgeneration middleware,Health,58.05,193,45
948,Self-enabling 4thgeneration paradigm,Health,11.81,245,74
949,Reduced impactful throughput,Sports,22.35,37,5
950,Reverse-engineered didactic alliance,TOYS,11.05,133,14
951,Reactive empowering moratorium,Clothing,5.98,454,49
952,Quality-focused methodical projection,Home & Garden,12.97,280,12
953,Vision-oriented coherent hierarchy,Books,12.77,314,62
954,Object-based directional throughput,Electronics,22.38,334,22
955,Reverse-engineered upward-trending frame,Health,12.51,51,43
956,Devolved maximized middleware,SPORTS,116.98,209,90
957,Profound background infrastructure,Toys,13.71,152,31
958,Multi-lateral motivating access,Clothing,20.12,292,71
959,Switchable disintermediate workforce,Automotive,123.29,184,1
960,Seamless systemic concept,Health,10.26,421,85
961,Versatile multimedia challenge,Automotive,20.71,13,27
962,Organized cohesive conglomeration,Home & Garden,11.9,500,11
963,Re-contextualized non-volatile protocol,Automotive,10.04,157,51
964,Digitized user-facing superstructure,Automotive,10.04,338,34
965,Polarized heuristic analyzer,Clothing,8.74,198,24
966,Face-to-face well-modulated matrix,Books,10.32,189,24
967,Focused asymmetric firmware,Automotive,19.68,225,60
968,Multi-layered discrete analyzer,Toys,5.1,137,73
969,Synchronized demand-driven model,Electronics,18.42,356,86
970,Multi-lateral human-resource leverage,Clothing,57.96,176,70
971,Persevering 6thgeneration analyzer,Health,11.11,301,30
972,Streamlined fresh-thinking benchmark,Electronics,22.77,419,67
973,Triple-buffered multi-state productivity,Health,17.92,351,61
974,Grass-roots user-facing firmware,Sports,14.62,40,51
975,Reduced needs-based open system,Electronics,19.93,461,67
976,Enhanced homogeneous projection,Home & Garden,127.04,387,58
977,Multi-tiered high-level parallelism,Home & Garden,54.92,85,28
978,Streamlined asynchronous model,Sports,29.98,216,11
979,Function-based homogeneous definition,Health,11.09,421,81
980,Programmable impactful help-desk,Home & Garden,20.85,132,41
981,Monitored mobile utilization,Clothing,24.78,284,51
982,Polarized real-time ability,Books,99.39,266,59
983,Profit-focused client-driven intranet,ELECTRONICS,43.55,319,76
984,Down-sized discrete archive,Health,19.85,76,19
985,Profound secondary focus group,Clothing,9.97,288,100
986,Extended coherent contingency,Clothing,13.41,444,69
987,Diverse high-level portal,Books,9.85,135,50
988,Universal bottom-line protocol,Automotive,30.0,242,5
989,Focused intangible workforce,Home & Garden,24.86,73,80
990,Managed uniform budgetary management,Health,21.72,455,43
991,Polarized systematic matrices,Sports,17.87,243,35
992,Polarized demand-driven parallelism,Books,5.53,418,39
993,Diverse secondary installation,Toys,13.46,251,90
994,Ameliorated dynamic analyzer,Clothing,10.47,116,18
995,De-engineered object-oriented parallelism,Toys,24.13,226,100
996,Diverse client-driven product,Books,28.86,213,78
997,Profound 6thgeneration orchestration,Clothing,7.13,108,53
998,Digitized analyzing concept,AUTOMOTIVE,42.2,444,48
999,Fundamental contextually-based model,Electronics,24.92,81,9
1000,Open-architected radical open system,Toys,7.52,206,18
